model,dataset,method,budget,totalCount,resolvedCount,coverage,correctResolved,accuracy,selectiveRisk,escalatedCount,escalationRate,accuracyCiLo,accuracyCiHi,sourceFile
llama3.1_8b,hatemoderate,single_call,,400,226,0.565,159,0.7035398230088495,0.29646017699115046,174,0.435,0.6409979840498229,0.7592779299303952,results_02_n400_from_spark/llama3.1_8b/hatemoderate/single_agent/raw.csv
llama3.1_8b,hatemoderate,majority_voting,,400,330,0.825,231,0.7,0.30000000000000004,70,0.175,0.6484875386777775,0.7469097270371947,results_02_n400_from_spark/llama3.1_8b/hatemoderate/graph_mv/raw.csv
llama3.1_8b,hatemoderate,successive_elimination,75,400,125,0.3125,95,0.76,0.24,275,0.6875,0.6780966567642585,0.8263993385074119,results_02_n400_from_spark/llama3.1_8b/hatemoderate/graph_ucb_B75/raw.csv
llama3.1_8b,hatemoderate,successive_elimination,100,400,195,0.4875,144,0.7384615384615385,0.2615384615384615,205,0.5125,0.6725973321957884,0.7951119702382831,results_02_n400_from_spark/llama3.1_8b/hatemoderate/graph_ucb_B100/raw.csv
llama3.1_8b,hatemoderate,successive_elimination,124,400,233,0.5825,165,0.7081545064377682,0.2918454935622318,167,0.4175,0.6467824933644869,0.7627741800447743,results_02_n400_from_spark/llama3.1_8b/hatemoderate/graph_ucb_B124/raw.csv
llama3.1_8b,aegis,single_call,,400,234,0.585,204,0.8717948717948718,0.1282051282051282,166,0.415,0.8228798360394904,0.9086999350515393,results_02_n400_from_spark/llama3.1_8b/aegis/single_agent/raw.csv
llama3.1_8b,aegis,majority_voting,,400,311,0.7775,261,0.8392282958199357,0.16077170418006426,89,0.2225,0.7943047972763521,0.8758737770141672,results_02_n400_from_spark/llama3.1_8b/aegis/graph_mv/raw.csv
llama3.1_8b,aegis,successive_elimination,75,400,103,0.2575,95,0.9223300970873787,0.07766990291262132,297,0.7425,0.8541709980201915,0.9601196430876495,results_02_n400_from_spark/llama3.1_8b/aegis/graph_ucb_B75/raw.csv
llama3.1_8b,aegis,successive_elimination,100,400,178,0.445,165,0.9269662921348315,0.0730337078651685,222,0.555,0.8790680113530185,0.9568249746897327,results_02_n400_from_spark/llama3.1_8b/aegis/graph_ucb_B100/raw.csv
llama3.1_8b,aegis,successive_elimination,124,400,199,0.4975,182,0.914572864321608,0.085427135678392,201,0.5025,0.8674625214575382,0.9459806521387191,results_02_n400_from_spark/llama3.1_8b/aegis/graph_ucb_B124/raw.csv
qwen2.5_7b,hatemoderate,single_call,,400,254,0.635,145,0.5708661417322834,0.42913385826771655,146,0.365,0.5093874411038972,0.6302332396223734,results_02_n400_from_spark/qwen2.5_7b/hatemoderate/single_agent/raw.csv
qwen2.5_7b,hatemoderate,majority_voting,,400,345,0.8625,202,0.5855072463768116,0.4144927536231884,55,0.1375,0.532860858068097,0.6362704149160762,results_02_n400_from_spark/qwen2.5_7b/hatemoderate/graph_mv/raw.csv
qwen2.5_7b,hatemoderate,successive_elimination,75,400,250,0.625,151,0.604,0.396,150,0.375,0.5422420845485157,0.6626101891564318,results_02_n400_from_spark/qwen2.5_7b/hatemoderate/graph_ucb_B75/raw.csv
qwen2.5_7b,hatemoderate,successive_elimination,100,400,284,0.71,170,0.5985915492957746,0.4014084507042254,116,0.29,0.5406326514883891,0.653918891675114,results_02_n400_from_spark/qwen2.5_7b/hatemoderate/graph_ucb_B100/raw.csv
qwen2.5_7b,hatemoderate,successive_elimination,124,400,297,0.7425,177,0.5959595959595959,0.4040404040404041,103,0.2575,0.539270937652928,0.650197629024821,results_02_n400_from_spark/qwen2.5_7b/hatemoderate/graph_ucb_B124/raw.csv
qwen2.5_7b,aegis,single_call,,400,255,0.6375,224,0.8784313725490196,0.1215686274509804,145,0.3625,0.8326105363023629,0.913019630052463,results_02/qwen2.5_7b/aegis/single_agent/raw.csv
qwen2.5_7b,aegis,majority_voting,,400,295,0.7375,260,0.8813559322033898,0.11864406779661019,105,0.2625,0.8394646526345111,0.9134429288232571,results_02/qwen2.5_7b/aegis/graph_mv/raw.csv
qwen2.5_7b,aegis,successive_elimination,75,400,251,0.6275,222,0.8844621513944223,0.1155378486055777,149,0.3725,0.8389934811075429,0.9183401210980321,results_02/qwen2.5_7b/aegis/graph_ucb_B75/raw.csv
qwen2.5_7b,aegis,successive_elimination,100,400,266,0.665,234,0.8796992481203008,0.12030075187969924,134,0.335,0.8351046875956006,0.913483023435958,results_02/qwen2.5_7b/aegis/graph_ucb_B100/raw.csv
qwen2.5_7b,aegis,successive_elimination,124,400,275,0.6875,243,0.8836363636363637,0.11636363636363634,125,0.3125,0.8403449383583494,0.9163574576640483,results_02/qwen2.5_7b/aegis/graph_ucb_B124/raw.csv
mistral_7b,hatemoderate,single_call,,400,311,0.7775,160,0.5144694533762058,0.48553054662379425,89,0.2225,0.4590861263964902,0.5694996895685082,results_02_n400_from_spark/mistral_7b/hatemoderate/single_agent/raw.csv
mistral_7b,hatemoderate,majority_voting,,400,300,0.75,170,0.5666666666666667,0.43333333333333335,100,0.25,0.5100989219821965,0.6215486818545306,results_02_n400_from_spark/mistral_7b/hatemoderate/graph_mv/raw.csv
mistral_7b,hatemoderate,successive_elimination,75,400,183,0.4575,100,0.546448087431694,0.45355191256830596,217,0.5425,0.47410296714455186,0.6168832631455594,results_02_n400_from_spark/mistral_7b/hatemoderate/graph_ucb_B75/raw.csv
mistral_7b,hatemoderate,successive_elimination,100,400,234,0.585,128,0.5470085470085471,0.45299145299145294,166,0.415,0.4829822369006721,0.6095163548464697,results_02_n400_from_spark/mistral_7b/hatemoderate/graph_ucb_B100/raw.csv
mistral_7b,hatemoderate,successive_elimination,124,400,246,0.615,136,0.5528455284552846,0.44715447154471544,154,0.385,0.49037573463750495,0.6136902603447756,results_02_n400_from_spark/mistral_7b/hatemoderate/graph_ucb_B124/raw.csv
