task,scope,feature,nPositive,nNegative,auroc,auprc
correctness,llama3.1_8b/hatemoderate,finalConfidence,278,110,0.5937213865271419,
correctness,llama3.1_8b/hatemoderate,totalPulls,404,149,0.3682387534055419,
correctness,llama3.1_8b/hatemoderate,eliminationRound,404,149,0.4345720645890092,
correctness,llama3.1_8b/hatemoderate,finalVoteMargin,278,110,0.5902387181164159,
correctness,llama3.1_8b/hatemoderate,finalEntropy,278,110,0.41116742969260955,
correctness,llama3.1_8b/hatemoderate,numberOfEliminations,404,149,0.4590005980463818,
correctness,llama3.1_8b/hatemoderate,numberOfSurvivingCandidates,404,149,0.5,
correctness,llama3.1_8b/aegis,finalConfidence,325,26,0.5108284023668639,
correctness,llama3.1_8b/aegis,totalPulls,442,38,0.4441831388425816,
correctness,llama3.1_8b/aegis,eliminationRound,442,38,0.46079423672302927,
correctness,llama3.1_8b/aegis,finalVoteMargin,325,26,0.5108284023668639,
correctness,llama3.1_8b/aegis,finalEntropy,325,26,0.4891715976331361,
correctness,llama3.1_8b/aegis,numberOfEliminations,442,38,0.4426053822338652,
correctness,llama3.1_8b/aegis,numberOfSurvivingCandidates,442,38,0.5,
correctness,qwen2.5_7b/hatemoderate,finalConfidence,364,247,0.4912466076433688,
correctness,qwen2.5_7b/hatemoderate,totalPulls,498,333,0.4971990062351508,
correctness,qwen2.5_7b/hatemoderate,eliminationRound,498,333,0.4985165888780347,
correctness,qwen2.5_7b/hatemoderate,finalVoteMargin,364,247,0.49034012546158295,
correctness,qwen2.5_7b/hatemoderate,finalEntropy,364,247,0.509754415624861,
correctness,qwen2.5_7b/hatemoderate,numberOfEliminations,498,333,0.4911718947863526,
correctness,qwen2.5_7b/hatemoderate,numberOfSurvivingCandidates,498,333,0.5,
correctness,qwen2.5_7b/aegis,finalConfidence,517,63,0.4729821006416751,
correctness,qwen2.5_7b/aegis,totalPulls,699,93,0.439552663559309,
correctness,qwen2.5_7b/aegis,eliminationRound,699,93,0.46183487932068856,
correctness,qwen2.5_7b/aegis,finalVoteMargin,517,63,0.48065764023210833,
correctness,qwen2.5_7b/aegis,finalEntropy,517,63,0.5186515612047526,
correctness,qwen2.5_7b/aegis,numberOfEliminations,699,93,0.4626424846554986,
correctness,qwen2.5_7b/aegis,numberOfSurvivingCandidates,699,93,0.5,
correctness,mistral_7b/hatemoderate,finalConfidence,289,244,0.48893868058313006,
correctness,mistral_7b/hatemoderate,totalPulls,364,299,0.5070105479804476,
correctness,mistral_7b/hatemoderate,eliminationRound,364,299,0.5053291190414936,
correctness,mistral_7b/hatemoderate,finalVoteMargin,289,244,0.48893868058313006,
correctness,mistral_7b/hatemoderate,finalEntropy,289,244,0.5110613194168699,
correctness,mistral_7b/hatemoderate,numberOfEliminations,364,299,0.4955207835642618,
correctness,mistral_7b/hatemoderate,numberOfSurvivingCandidates,364,299,0.5,
correctness,AGGREGATE_POOLED_ACROSS_5_PAIRS,finalConfidence,1773,690,0.493838740528213,
correctness,AGGREGATE_POOLED_ACROSS_5_PAIRS,totalPulls,2407,912,0.4976537274324157,
correctness,AGGREGATE_POOLED_ACROSS_5_PAIRS,eliminationRound,2407,912,0.4986618433807827,
correctness,AGGREGATE_POOLED_ACROSS_5_PAIRS,finalVoteMargin,1773,690,0.4942997621324701,
correctness,AGGREGATE_POOLED_ACROSS_5_PAIRS,finalEntropy,1773,690,0.5055575990910354,
correctness,AGGREGATE_POOLED_ACROSS_5_PAIRS,numberOfEliminations,2407,912,0.4938360520120409,
correctness,AGGREGATE_POOLED_ACROSS_5_PAIRS,numberOfSurvivingCandidates,2407,912,0.5,
resolution,llama3.1_8b/hatemoderate,finalConfidence,388,0,,
resolution,llama3.1_8b/hatemoderate,totalPulls,553,647,0.07608771601297964,
resolution,llama3.1_8b/hatemoderate,eliminationRound,553,646,0.2153564290473018,
resolution,llama3.1_8b/hatemoderate,finalVoteMargin,388,564,0.9716174965270161,
resolution,llama3.1_8b/hatemoderate,finalEntropy,388,553,0.038282284073749555,
resolution,llama3.1_8b/hatemoderate,numberOfEliminations,553,646,0.9206411411999843,
resolution,llama3.1_8b/hatemoderate,numberOfSurvivingCandidates,553,646,0.029411764705882353,
resolution,llama3.1_8b/aegis,finalConfidence,351,0,,
resolution,llama3.1_8b/aegis,totalPulls,480,720,0.09869212962962963,
resolution,llama3.1_8b/aegis,eliminationRound,480,697,0.27674856527977043,
resolution,llama3.1_8b/aegis,finalVoteMargin,351,543,0.9779845010047589,
resolution,llama3.1_8b/aegis,finalEntropy,351,478,0.02622811095614443,
resolution,llama3.1_8b/aegis,numberOfEliminations,480,697,0.8480392156862745,
resolution,llama3.1_8b/aegis,numberOfSurvivingCandidates,480,697,0.09540889526542325,
resolution,qwen2.5_7b/hatemoderate,finalConfidence,611,0,,
resolution,qwen2.5_7b/hatemoderate,totalPulls,831,369,0.08894824206966498,
resolution,qwen2.5_7b/hatemoderate,eliminationRound,831,350,0.1304057074093175,
resolution,qwen2.5_7b/hatemoderate,finalVoteMargin,611,270,0.9872643510941383,
resolution,qwen2.5_7b/hatemoderate,finalEntropy,611,230,0.017394862306980716,
resolution,qwen2.5_7b/hatemoderate,numberOfEliminations,831,350,0.8184339006360667,
resolution,qwen2.5_7b/hatemoderate,numberOfSurvivingCandidates,831,350,0.1,
resolution,qwen2.5_7b/aegis,finalConfidence,580,0,,
resolution,qwen2.5_7b/aegis,totalPulls,792,408,0.17185952663893841,
resolution,qwen2.5_7b/aegis,eliminationRound,792,358,0.28564626714068053,
resolution,qwen2.5_7b/aegis,finalVoteMargin,580,279,0.9994005685329378,
resolution,qwen2.5_7b/aegis,finalEntropy,580,125,0.002503448275862069,
resolution,qwen2.5_7b/aegis,numberOfEliminations,792,358,0.6161298741606004,
resolution,qwen2.5_7b/aegis,numberOfSurvivingCandidates,792,358,0.31843575418994413,
resolution,mistral_7b/hatemoderate,finalConfidence,533,0,,
resolution,mistral_7b/hatemoderate,totalPulls,663,537,0.020003876066971696,
resolution,mistral_7b/hatemoderate,eliminationRound,663,531,0.46033267718212884,
resolution,mistral_7b/hatemoderate,finalVoteMargin,533,407,0.9980546809815103,
resolution,mistral_7b/hatemoderate,finalEntropy,533,112,0.0072701688555347095,
resolution,mistral_7b/hatemoderate,numberOfEliminations,663,531,0.6074596722652555,
resolution,mistral_7b/hatemoderate,numberOfSurvivingCandidates,663,531,0.3935969868173258,
resolution,AGGREGATE_POOLED_ACROSS_5_PAIRS,finalConfidence,2463,0,,
resolution,AGGREGATE_POOLED_ACROSS_5_PAIRS,totalPulls,3319,2681,0.08424245516444322,
resolution,AGGREGATE_POOLED_ACROSS_5_PAIRS,eliminationRound,3319,2582,0.24759996256560063,
resolution,AGGREGATE_POOLED_ACROSS_5_PAIRS,finalVoteMargin,2463,2063,0.9885348233841464,
resolution,AGGREGATE_POOLED_ACROSS_5_PAIRS,finalEntropy,2463,1498,0.019235011955309744,
resolution,AGGREGATE_POOLED_ACROSS_5_PAIRS,numberOfEliminations,3319,2582,0.7811775569106725,
resolution,AGGREGATE_POOLED_ACROSS_5_PAIRS,numberOfSurvivingCandidates,3319,2582,0.1717660728117738,
