model,dataset,budget,feature,nResolved,meanResolved,medianResolved,stdResolved,q25Resolved,q75Resolved,nEscalated,meanEscalated,medianEscalated,stdEscalated,q25Escalated,q75Escalated,mannWhitneyU,mannWhitneyP,rankBiserialEffectSize
llama3.1_8b,hatemoderate,75,finalConfidence,85,1.0,1.0,0.0,1.0,1.0,0,,,,,,,,
llama3.1_8b,hatemoderate,75,totalPulls,125,110.4,72.0,58.41867796761469,72.0,147.0,275,224.04,225.0,13.581675073797745,225.0,225.0,268.0,4.567007892209007e-79,0.9844072727272727
llama3.1_8b,hatemoderate,75,eliminationRound,125,24.0,24.0,0.0,24.0,24.0,274,25.036496350364963,25.0,0.2234842021963074,25.0,25.0,125.0,1.1981949573503196e-81,0.9927007299270073
llama3.1_8b,hatemoderate,75,finalVoteMargin,85,1.0,1.0,0.0,1.0,1.0,267,0.503820224719101,0.52,0.349091941665636,0.16,0.84,22227.5,2.7436213826968507e-41,-0.9588014981273407
llama3.1_8b,hatemoderate,75,finalEntropy,85,0.0,0.0,0.0,0.0,0.0,260,0.41411295528885445,0.42301699036395596,0.26247578698288926,0.185754247590989,0.5528214902774172,467.5,5.604600075100596e-41,0.9576923076923077
llama3.1_8b,hatemoderate,75,numberOfEliminations,125,1.0,1.0,0.0,1.0,1.0,274,0.051094890510948905,0.0,0.2205941986694528,0.0,0.0,33375.0,7.777662146842929e-76,-0.948905109489051
llama3.1_8b,hatemoderate,75,numberOfSurvivingCandidates,125,1.0,1.0,0.0,1.0,1.0,274,2.9416058394160585,3.0,0.2642682441652822,3.0,3.0,125.0,1.1981949573503196e-81,0.9927007299270073
llama3.1_8b,hatemoderate,100,finalConfidence,138,0.9827384651803087,1.0,0.026567354889186864,0.9655172413793104,1.0,0,,,,,,,,
llama3.1_8b,hatemoderate,100,totalPulls,195,118.26153846153846,78.0,69.40675200890082,72.0,172.0,205,294.0487804878049,300.0,12.74283962626831,297.0,300.0,649.0,7.82161277310063e-67,0.9675297060662914
llama3.1_8b,hatemoderate,100,eliminationRound,195,26.358974358974358,24.0,3.197028093927197,24.0,29.0,205,33.82439024390244,34.0,1.608308770685883,34.0,34.0,2139.0,4.834296460880897e-60,0.8929831144465291
llama3.1_8b,hatemoderate,100,finalVoteMargin,138,0.9808464493114105,1.0,0.029649505908425137,0.9655172413793104,1.0,162,0.41473291812539487,0.3092691622103387,0.30457962614354767,0.14266615737203972,0.7352941176470589,22287.0,4.0321148878942884e-51,-0.9938271604938271
llama3.1_8b,hatemoderate,100,finalEntropy,138,0.03245850669464003,0.0,0.05919744651167709,0.0,0.04888034641238285,159,0.4766518516890075,0.4694339833632102,0.21788963801815414,0.3261813613791284,0.5767555537623656,201.0,1.5117952370540334e-49,0.9816789718348373
llama3.1_8b,hatemoderate,100,numberOfEliminations,195,1.3692307692307693,1.0,0.4838387341851196,1.0,2.0,205,0.22926829268292684,0.0,0.5155636086157881,0.0,0.0,36760.5,6.057782751969888e-55,-0.8391744840525328
llama3.1_8b,hatemoderate,100,numberOfSurvivingCandidates,195,1.0,1.0,0.0,1.0,1.0,205,2.7560975609756095,3.0,0.550422645313957,3.0,3.0,1170.0,4.2524606038257123e-75,0.9414634146341463
llama3.1_8b,hatemoderate,124,finalConfidence,165,0.9676123923536547,0.9696969696969697,0.038754302541789576,0.9428571428571428,1.0,0,,,,,,,,
llama3.1_8b,hatemoderate,124,totalPulls,233,141.08583690987123,86.0,95.4358938850876,72.0,200.0,167,351.09580838323353,372.0,31.086593696088876,332.0,372.0,1527.0,7.805424036457679e-57,0.9215131967824008
llama3.1_8b,hatemoderate,124,eliminationRound,233,28.716738197424892,26.0,6.0269884117015415,24.0,31.0,167,41.634730538922156,42.0,3.064289617625635,42.0,42.0,2176.0,9.993204011108761e-55,0.8881550204312405
llama3.1_8b,hatemoderate,124,finalVoteMargin,165,0.9615678680002925,0.967741935483871,0.04754430117345558,0.9354838709677419,1.0,135,0.33736307343265076,0.2534287418008348,0.2683991728926536,0.09698025551684089,0.5714285714285714,22227.0,1.1716306506038835e-50,-0.9956902356902357
llama3.1_8b,hatemoderate,124,finalEntropy,165,0.07013326765582709,0.04577972397905481,0.10185608156908929,0.0,0.09598359689761371,134,0.5277660674437973,0.5062319963227642,0.20703903425028558,0.40426212728682337,0.6487959743943424,403.0,2.2706740430245035e-47,0.9635459068294889
llama3.1_8b,hatemoderate,124,numberOfEliminations,233,1.4248927038626609,1.0,0.4953909215579694,1.0,2.0,167,0.4431137724550898,0.0,0.7079989655152207,0.0,1.0,32913.5,2.328235055518182e-36,-0.6917324149983295
llama3.1_8b,hatemoderate,124,numberOfSurvivingCandidates,233,1.0,1.0,0.0,1.0,1.0,167,2.538922155688623,3.0,0.734260573835543,2.0,3.0,2796.0,3.158948434589957e-67,0.8562874251497006
llama3.1_8b,aegis,75,finalConfidence,72,1.0,1.0,0.0,1.0,1.0,0,,,,,,,,
llama3.1_8b,aegis,75,totalPulls,103,109.13592233009709,72.0,59.291577377528725,72.0,147.0,297,219.53535353535352,225.0,34.17215353158295,225.0,225.0,873.0,8.714368085122486e-68,0.9429243895263313
llama3.1_8b,aegis,75,eliminationRound,103,24.0,24.0,0.0,24.0,24.0,290,25.051724137931036,25.0,0.36368042709027143,25.0,25.0,618.0,1.3093256735333133e-65,0.9586206896551724
llama3.1_8b,aegis,75,finalVoteMargin,72,1.0,1.0,0.0,1.0,1.0,226,0.46199455411844786,0.44,0.3617260271727508,0.08,0.84,15984.0,1.3507695822874815e-35,-0.9646017699115044
llama3.1_8b,aegis,75,finalEntropy,72,0.0,0.0,0.0,-0.0,0.0,206,0.3213687835045791,0.3009057940116658,0.18687849505975662,0.16691675270205877,0.477262742772967,288.0,1.029230344110557e-34,0.9611650485436893
llama3.1_8b,aegis,75,numberOfEliminations,103,1.0,1.0,0.0,1.0,1.0,290,0.13448275862068965,0.0,0.3417600101620974,0.0,0.0,27861.5,1.8576689285898898e-55,-0.8655172413793104
llama3.1_8b,aegis,75,numberOfSurvivingCandidates,103,1.0,1.0,0.0,1.0,1.0,290,2.8241379310344827,3.0,0.4779969541489102,3.0,3.0,618.0,1.3093256735333133e-65,0.9586206896551724
llama3.1_8b,aegis,100,finalConfidence,130,0.9783592669012366,1.0,0.029522810284428953,0.9615384615384616,1.0,0,,,,,,,,
llama3.1_8b,aegis,100,totalPulls,178,108.18539325842697,78.0,70.72916762319016,72.0,92.0,222,282.04954954954957,300.0,56.47008798381892,287.0,300.0,2425.5,9.472923547832885e-55,0.8772395991497115
llama3.1_8b,aegis,100,eliminationRound,178,26.876404494382022,26.0,3.7244655316537516,24.0,29.0,214,32.49065420560748,34.0,3.528210460498889,34.0,34.0,5941.5,5.292129762118221e-34,0.6880447338023732
llama3.1_8b,aegis,100,finalVoteMargin,130,0.9783592669012366,1.0,0.029522810284428953,0.9615384615384616,1.0,168,0.35781465696416465,0.29411764705882354,0.31367238628978816,0.038461538461538464,0.6169786096256684,21710.0,2.849851457231315e-49,-0.9880952380952381
llama3.1_8b,aegis,100,finalEntropy,130,0.030235278986221442,0.0,0.0409036843679815,0.0,0.05440723881381483,145,0.3777396982490755,0.40105070315108626,0.1627111267518958,0.2306771099234291,0.5075835458315365,135.0,3.7908994394456576e-46,0.9856763925729443
llama3.1_8b,aegis,100,numberOfEliminations,178,1.3651685393258426,1.0,0.4828355801126436,1.0,2.0,214,0.4953271028037383,0.0,0.7037636150262099,0.0,1.0,31258.0,1.0062190778748526e-31,-0.6411845006825581
llama3.1_8b,aegis,100,numberOfSurvivingCandidates,178,1.0,1.0,0.0,1.0,1.0,214,2.3738317757009346,3.0,0.8615235384181185,1.25,3.0,4806.0,6.737330569919427e-49,0.7476635514018692
llama3.1_8b,aegis,124,finalConfidence,149,0.9679913199573008,1.0,0.04231222570242745,0.9393939393939394,1.0,0,,,,,,,,
llama3.1_8b,aegis,124,totalPulls,199,116.87939698492463,78.0,88.65541924355611,72.0,100.0,201,335.2039800995025,372.0,76.45719837974448,324.0,372.0,3096.0,1.0335158679950058e-49,0.8451961299032476
llama3.1_8b,aegis,124,eliminationRound,199,28.91457286432161,26.0,5.845462601343402,24.0,31.0,193,38.29015544041451,42.0,7.181338407976545,33.0,42.0,6618.5,3.0256430578765763e-30,0.6553492852865364
llama3.1_8b,aegis,124,finalVoteMargin,149,0.9679913199573008,1.0,0.04231222570242745,0.9393939393939394,1.0,149,0.2985108514909379,0.20833333333333334,0.2833159507180508,0.038461538461538464,0.5476190476190477,22171.0,4.370327686210055e-51,-0.9972974190351787
llama3.1_8b,aegis,124,finalEntropy,149,0.04408114370740046,0.0,0.057366244186652385,0.0,0.08473127509451281,127,0.4016882853993947,0.40977637753840185,0.15501266073435724,0.2570849747792978,0.5170436588340425,105.0,1.3645911753788212e-46,0.9889023939121704
llama3.1_8b,aegis,124,numberOfEliminations,199,1.4974874371859297,1.0,0.5012547071170855,1.0,2.0,193,0.7357512953367875,1.0,0.7889976369781899,0.0,1.0,29277.5,7.241925655616248e-22,-0.5245918712734658
llama3.1_8b,aegis,124,numberOfSurvivingCandidates,199,1.0,1.0,0.0,1.0,1.0,193,2.1295336787564767,2.0,0.900698970565962,1.0,3.0,6666.5,3.223248368845132e-42,0.6528497409326425
qwen2.5_7b,hatemoderate,75,finalConfidence,184,1.0,1.0,0.0,1.0,1.0,0,,,,,,,,
qwen2.5_7b,hatemoderate,75,totalPulls,250,88.5,72.0,43.27517722500304,72.0,72.0,150,214.72,225.0,44.05565729389717,222.0,225.0,2040.0,8.166913155809603e-61,0.8912
qwen2.5_7b,hatemoderate,75,eliminationRound,250,24.0,24.0,0.0,24.0,24.0,144,24.98611111111111,25.0,0.3919845706809181,25.0,25.0,1500.0,7.363782841899822e-76,0.9166666666666666
qwen2.5_7b,hatemoderate,75,finalVoteMargin,184,1.0,1.0,0.0,1.0,1.0,110,0.4301258741258742,0.33999999999999997,0.3626705129355898,0.08,0.84,19780.0,1.684033386492839e-57,-0.9545454545454546
qwen2.5_7b,hatemoderate,75,finalEntropy,184,0.0,0.0,0.0,-0.0,0.0,94,0.3920018268458701,0.37834747699658194,0.2588746628331397,0.21129256427661014,0.5211468113004681,460.0,8.256016139344418e-55,0.9468085106382979
qwen2.5_7b,hatemoderate,75,numberOfEliminations,250,1.0,1.0,0.0,1.0,1.0,144,0.1527777777777778,0.0,0.36102891898278777,0.0,0.0,33250.0,1.6177586248053306e-68,-0.8472222222222223
qwen2.5_7b,hatemoderate,75,numberOfSurvivingCandidates,250,1.0,1.0,0.0,1.0,1.0,144,2.763888888888889,3.0,0.5911481197264349,3.0,3.0,1500.0,7.363782841899822e-76,0.9166666666666666
qwen2.5_7b,hatemoderate,100,finalConfidence,208,0.9950444713012097,1.0,0.016688436511439753,1.0,1.0,0,,,,,,,,
qwen2.5_7b,hatemoderate,100,totalPulls,284,90.27464788732394,72.0,52.177346988370694,72.0,73.0,116,259.0603448275862,283.0,71.95509333793797,244.0,300.0,2773.5,1.072307180582727e-45,0.8316233608547838
qwen2.5_7b,hatemoderate,100,eliminationRound,284,25.077464788732396,24.0,2.5555978705163276,24.0,24.0,109,32.596330275229356,34.0,3.6109895690358944,34.0,34.0,2649.5,6.333439672164623e-47,0.8288215531722445
qwen2.5_7b,hatemoderate,100,finalVoteMargin,208,0.9945493863613356,1.0,0.01790779679567561,1.0,1.0,85,0.3216313093000965,0.21212121212121213,0.29460167851988306,0.053475935828877,0.5588235294117647,17663.0,9.376744941048076e-55,-0.9980769230769231
qwen2.5_7b,hatemoderate,100,finalEntropy,208,0.009022016045823715,0.0,0.03301129739419217,-0.0,0.0,73,0.44524408077427235,0.44161770715220877,0.1989788295045811,0.3261813613791284,0.5208406966066856,40.5,3.336019975057022e-51,0.9946654373024236
qwen2.5_7b,hatemoderate,100,numberOfEliminations,284,1.1725352112676057,1.0,0.3785119397171452,1.0,1.0,109,0.5412844036697247,0.0,0.7009531882153879,0.0,1.0,23705.0,2.987354536634745e-23,-0.5315286212688979
qwen2.5_7b,hatemoderate,100,numberOfSurvivingCandidates,284,1.0,1.0,0.0,1.0,1.0,109,2.330275229357798,3.0,0.8504361176561512,2.0,3.0,3834.0,6.058747991339011e-60,0.7522935779816513
qwen2.5_7b,hatemoderate,124,finalConfidence,219,0.9886160229723187,1.0,0.02867579749099416,1.0,1.0,0,,,,,,,,
qwen2.5_7b,hatemoderate,124,totalPulls,297,98.72727272727273,72.0,69.88999341365815,72.0,76.0,103,294.02912621359224,320.0,91.93480813744176,245.0,372.0,2918.5,2.7100156450288276e-40,0.8091922460854499
qwen2.5_7b,hatemoderate,124,eliminationRound,297,26.07070707070707,24.0,4.739681235545088,24.0,24.0,97,38.22680412371134,42.0,7.055590505997082,33.0,42.0,2946.0,2.473207208939436e-40,0.7954805789857337
qwen2.5_7b,hatemoderate,124,finalVoteMargin,219,0.987520750077329,1.0,0.031695069824952266,1.0,1.0,75,0.2739457885106257,0.14634146341463414,0.26718909920725115,0.038461538461538464,0.4825783972125436,16424.0,2.7044423714098007e-49,-0.9998782343987824
qwen2.5_7b,hatemoderate,124,finalEntropy,219,0.02059632622914022,0.0,0.057730135177028075,-0.0,-0.0,63,0.48911215027941163,0.4757470413000045,0.21985546651536914,0.3561279935067172,0.5304066372490516,85.0,4.385650741076254e-44,0.9876784808291658
qwen2.5_7b,hatemoderate,124,numberOfEliminations,297,1.1919191919191918,1.0,0.3944745310031506,1.0,1.0,97,0.6185567010309279,0.0,0.7963889722924365,0.0,1.0,21067.5,2.3757951385153433e-16,-0.46256378215141103
qwen2.5_7b,hatemoderate,124,numberOfSurvivingCandidates,297,1.0,1.0,0.0,1.0,1.0,97,2.2577319587628866,3.0,0.9160416488378126,1.0,3.0,4603.5,2.309809857804221e-54,0.6804123711340206
qwen2.5_7b,aegis,75,finalConfidence,186,1.0,1.0,0.0,1.0,1.0,0,,,,,,,,
qwen2.5_7b,aegis,75,totalPulls,251,93.13147410358566,72.0,49.2886462120672,72.0,72.0,149,194.85906040268458,222.0,72.54719061878798,216.0,225.0,6113.5,3.142346854100319e-34,0.6730661247626941
qwen2.5_7b,aegis,75,eliminationRound,251,24.0,24.0,0.0,24.0,24.0,131,24.65648854961832,25.0,0.6047376082797234,24.0,25.0,6777.0,9.154846689289362e-42,0.5877862595419847
qwen2.5_7b,aegis,75,finalVoteMargin,186,1.0,1.0,0.0,1.0,1.0,100,0.17504615384615385,0.0,0.2838001790508788,0.0,0.28,18600.0,9.813279120945555e-61,-1.0
qwen2.5_7b,aegis,75,finalEntropy,186,0.0,0.0,0.0,0.0,-0.0,49,0.3371159269091044,0.3670672426864282,0.1620935974960755,0.185754247590989,0.5082689707457129,0.0,6.724841168473346e-52,1.0
qwen2.5_7b,aegis,75,numberOfEliminations,251,1.0,1.0,0.0,1.0,1.0,131,0.48091603053435117,0.0,0.501553663639571,0.0,1.0,24974.5,2.984302826831037e-36,-0.5190839694656488
qwen2.5_7b,aegis,75,numberOfSurvivingCandidates,251,1.0,1.0,0.0,1.0,1.0,131,2.1068702290076335,3.0,0.9627836916338482,1.0,3.0,6777.0,9.154846689289362e-42,0.5877862595419847
qwen2.5_7b,aegis,100,finalConfidence,194,0.9967222351257305,1.0,0.013810472451355747,1.0,1.0,0,,,,,,,,
qwen2.5_7b,aegis,100,totalPulls,266,93.57894736842105,72.0,55.08534860183694,72.0,72.0,134,221.3955223880597,243.5,86.5307124108346,216.0,272.0,5770.5,2.8574932189754367e-33,0.6762147907081135
qwen2.5_7b,aegis,100,eliminationRound,266,24.669172932330827,24.0,2.18820786329828,24.0,24.0,118,27.983050847457626,26.0,4.557295364591535,24.0,34.0,8913.5,4.40858602604374e-19,0.4320440932840576
qwen2.5_7b,aegis,100,finalVoteMargin,194,0.9963462335943788,1.0,0.014637516920927574,1.0,1.0,93,0.11914203613709494,0.0,0.22235258850623513,0.0,0.07980295566502463,18042.0,6.592074832734663e-57,-1.0
qwen2.5_7b,aegis,100,finalEntropy,194,0.006376084064579322,0.0,0.027365412564052238,0.0,-0.0,43,0.33217399030362255,0.2709943767167089,0.1330440025022892,0.20112416740678124,0.44716938520678134,19.0,9.348732139658529e-43,0.9954447374730281
qwen2.5_7b,aegis,100,numberOfEliminations,266,1.0977443609022557,1.0,0.2975284772578943,1.0,1.0,118,0.940677966101695,1.0,0.6444022325288264,1.0,1.0,17795.0,0.002432985717953643,-0.13387281763731362
qwen2.5_7b,aegis,100,numberOfSurvivingCandidates,266,1.0,1.0,0.0,1.0,1.0,118,1.5084745762711864,1.0,0.854808047747217,1.0,2.0,11438.0,8.393787711317515e-19,0.27118644067796616
qwen2.5_7b,aegis,124,finalConfidence,200,0.9925108919889567,1.0,0.02227548792562,1.0,1.0,0,,,,,,,,
qwen2.5_7b,aegis,124,totalPulls,275,99.05818181818182,72.0,65.59923304615835,72.0,72.0,125,236.632,241.0,104.76452366786592,216.0,297.0,6130.0,8.702946467386532e-29,0.6433454545454546
qwen2.5_7b,aegis,124,eliminationRound,275,25.49818181818182,24.0,4.1021398594728,24.0,24.0,109,30.31192660550459,24.0,8.074533867645151,24.0,37.0,9699.5,3.295521269821177e-12,0.3528273561301084
qwen2.5_7b,aegis,124,finalVoteMargin,200,0.9923384781958533,1.0,0.02259926115419087,1.0,1.0,86,0.10664771634182095,0.0,0.2200307515464756,0.0,0.08257839721254355,17200.0,4.5270376986505315e-53,-1.0
qwen2.5_7b,aegis,124,finalEntropy,200,0.011233668995445024,0.0,0.03380353627811226,-0.0,0.0,33,0.35535356270521684,0.3467334479787441,0.119442728587285,0.2733683098302411,0.44904211396032784,8.0,1.2550647814174895e-33,0.9975757575757576
qwen2.5_7b,aegis,124,numberOfEliminations,275,1.1490909090909092,1.0,0.35682742729960953,1.0,1.0,109,1.1192660550458715,1.0,0.5729192729993537,1.0,1.0,15188.5,0.7699704744014094,-0.013411175979983314
qwen2.5_7b,aegis,124,numberOfSurvivingCandidates,275,1.0,1.0,0.0,1.0,1.0,109,1.3027522935779816,1.0,0.6597500530639152,1.0,1.0,12100.0,7.869043358131696e-14,0.19266055045871555
mistral_7b,hatemoderate,75,finalConfidence,151,1.0,1.0,0.0,1.0,1.0,0,,,,,,,,
mistral_7b,hatemoderate,75,totalPulls,183,73.22950819672131,72.0,12.369841172623092,72.0,72.0,217,217.8110599078341,219.0,26.073547459295508,219.0,225.0,674.5,2.738069695521538e-69,0.9660295635969882
mistral_7b,hatemoderate,75,eliminationRound,183,24.0,24.0,0.0,24.0,24.0,214,24.453271028037385,24.0,0.6167943413588289,24.0,25.0,11986.5,4.341900601154725e-21,0.3878504672897196
mistral_7b,hatemoderate,75,finalVoteMargin,151,1.0,1.0,0.0,1.0,1.0,149,0.1384512132163139,0.0,0.2699796236273655,0.0,0.12,22423.5,3.2233044855622276e-59,-0.9932885906040267
mistral_7b,hatemoderate,75,finalEntropy,151,0.0,0.0,0.0,-0.0,-0.0,56,0.3109241877688663,0.2710958424988331,0.15618260950095156,0.185754247590989,0.4684407099215875,75.5,2.905808029467165e-44,0.9821428571428571
mistral_7b,hatemoderate,75,numberOfEliminations,183,1.0,1.0,0.0,1.0,1.0,214,0.677570093457944,1.0,0.46850244110075034,0.0,1.0,25894.5,3.1855171743289326e-17,-0.32242990654205617
mistral_7b,hatemoderate,75,numberOfSurvivingCandidates,183,1.0,1.0,0.0,1.0,1.0,214,1.7102803738317758,1.0,0.9244650354516549,1.0,3.0,11986.5,4.341900601154725e-21,0.3878504672897196
mistral_7b,hatemoderate,100,finalConfidence,186,0.9937175193786483,1.0,0.017550887379860276,1.0,1.0,0,,,,,,,,
mistral_7b,hatemoderate,100,totalPulls,234,78.61538461538461,72.0,26.926014083053442,72.0,72.0,166,238.40361445783134,242.5,42.357065013448306,216.0,248.0,1123.5,8.108798726875043e-64,0.9421532282978066
mistral_7b,hatemoderate,100,eliminationRound,234,25.115384615384617,24.0,2.5824470341236707,24.0,24.0,163,25.766871165644172,24.0,3.8386767141031837,24.0,24.0,19152.5,0.9199992344628487,-0.004273504273504258
mistral_7b,hatemoderate,100,finalVoteMargin,186,0.9937175193786483,1.0,0.017550887379860276,1.0,1.0,154,0.05576426480911645,0.0,0.17261811125499843,0.0,0.0,28621.0,1.193279116782163e-66,-0.9983940790392403
mistral_7b,hatemoderate,100,finalEntropy,186,0.008808903053639806,0.0,0.024509351836381064,0.0,-0.0,31,0.32372985346392236,0.3576323447937104,0.14301950745460207,0.1807861430054266,0.44324189401837866,23.0,6.358000748238852e-31,0.9920221990981616
mistral_7b,hatemoderate,100,numberOfEliminations,234,1.1324786324786325,1.0,0.339737101042455,1.0,1.0,163,0.9815950920245399,1.0,0.35956751521856706,1.0,1.0,21762.5,4.3673865364147114e-05,-0.14113051229615636
mistral_7b,hatemoderate,100,numberOfSurvivingCandidates,234,1.0,1.0,0.0,1.0,1.0,163,1.2024539877300613,1.0,0.5573250619895486,1.0,1.0,16614.0,1.7854265666884396e-08,0.1288343558282209
mistral_7b,hatemoderate,124,finalConfidence,196,0.9892065136122746,1.0,0.025610581067338416,1.0,1.0,0,,,,,,,,
mistral_7b,hatemoderate,124,totalPulls,246,80.51626016260163,72.0,30.58607359229465,72.0,76.0,154,252.38311688311688,235.5,40.796353491401646,216.0,268.0,389.5,7.832717101832506e-67,0.9794372294372294
mistral_7b,hatemoderate,124,eliminationRound,246,25.88617886178862,24.0,3.9789307394201243,24.0,26.0,154,25.876623376623378,24.0,4.884720638218412,24.0,24.0,19833.5,0.3023998943548938,-0.04706472389399208
mistral_7b,hatemoderate,124,finalVoteMargin,196,0.9892065136122746,1.0,0.025610581067338416,1.0,1.0,104,0.03934773841763584,0.0,0.12351018461807203,0.0,0.0,20384.0,2.3546098320602955e-55,-1.0
mistral_7b,hatemoderate,124,finalEntropy,196,0.01500101675288461,0.0,0.03534822610601796,-0.0,0.0,25,0.28661887377965883,0.2660676548363843,0.12723081311895357,0.1807861430054266,0.3565344913352199,4.0,3.3007047636196883e-25,0.9983673469387755
mistral_7b,hatemoderate,124,numberOfEliminations,246,1.2032520325203253,1.0,0.4032389192727559,1.0,1.0,154,1.077922077922078,1.0,0.4047506701656905,1.0,1.0,21141.0,0.004100770746483461,-0.11609122584732345
mistral_7b,hatemoderate,124,numberOfSurvivingCandidates,246,1.0,1.0,0.0,1.0,1.0,154,1.103896103896104,1.0,0.43036435648311583,1.0,1.0,17835.0,0.00012900871765323296,0.058441558441558406
